{
  "model": "Qwen/Qwen3-0.6B",
  "n_layers": 28,
  "categories": [
    "zh",
    "en",
    "ja",
    "fr",
    "math",
    "logic",
    "fc"
  ],
  "scores": {
    "zh": [
      0.00025441631791760824,
      0.0023204336393348526,
      0.002904863124520642,
      0.021339000926182454,
      0.0217869510348524,
      0.02198703020807058,
      0.02269704679248296,
      0.02310351455883377,
      0.02350944423991683,
      0.023831136532518848,
      0.024236666618529894,
      0.025207651627790095,
      0.0262768882952907,
      0.026501238067486922,
      0.02698413000676445,
      0.027584443650906742,
      0.028958666500040826,
      0.031902269493918785,
      0.03592202366072386,
      0.039291287941058,
      0.04477979682049612,
      0.051480341835275,
      0.05825057278590554,
      0.06582007955265017,
      0.07163022447523344,
      0.07825030244168485,
      0.08576116538966352,
      0.08742841346195024
    ],
    "en": [
      0.0002712326544035737,
      0.00219125989353962,
      0.0030924301452333563,
      0.018467980673023947,
      0.01919503460148649,
      0.019416850602842248,
      0.020319990086252942,
      0.020748774289609234,
      0.022593048988653726,
      0.02207457809238538,
      0.022691763926587755,
      0.025431945360423234,
      0.026727385911071686,
      0.027134484995055497,
      0.027657171345413113,
      0.02581678671609548,
      0.027376280761852147,
      0.030448800328033356,
      0.03472440607948653,
      0.038793559864792375,
      0.045003064316973256,
      0.05176529516594702,
      0.058666120363147854,
      0.06730892293440108,
      0.07470192580361028,
      0.08288801051768122,
      0.09069558944839938,
      0.09379730613359824
    ],
    "ja": [
      0.00026984316200176744,
      0.0025105197710131163,
      0.0031517779909360304,
      0.01646235421729041,
      0.016875058845831185,
      0.01721649171234196,
      0.018052405381771656,
      0.018584443234630103,
      0.019577269094602997,
      0.019388724397951782,
      0.019852733305037985,
      0.021619928250674506,
      0.022990919307727193,
      0.02337130027308302,
      0.0240705352483456,
      0.023631229648281165,
      0.02498982593391249,
      0.02901312941502273,
      0.03380594291885412,
      0.03927327554464668,
      0.045544041427595064,
      0.05506218977884031,
      0.06318694704061739,
      0.0711329423687905,
      0.08015831287606348,
      0.08921743446375657,
      0.09789425089970964,
      0.10309617349067061
    ],
    "fr": [
      0.00027646072405727016,
      0.002090526921659343,
      0.002901755038252184,
      0.014283148290256295,
      0.015006818529179601,
      0.015274025629894968,
      0.016125674304873733,
      0.016504845982246538,
      0.017398283067231925,
      0.01742802509252993,
      0.018073829805718148,
      0.019839214125837647,
      0.02093087552516698,
      0.021203734308571,
      0.02175751840501622,
      0.02139481693344984,
      0.022832189569229763,
      0.026154279689466334,
      0.03100318317902551,
      0.03615977315114548,
      0.04277027007052997,
      0.05060293087527351,
      0.0594527886233252,
      0.06945914997009264,
      0.08375665804877343,
      0.09893333967407862,
      0.11304369139677028,
      0.12534219306834743
    ],
    "math": [
      0.00029799562005186723,
      0.002044931519514449,
      0.002999526311453643,
      0.016380855621641606,
      0.01721004037422191,
      0.017557970257251365,
      0.018403353732426093,
      0.01879914930102563,
      0.020102783513618876,
      0.019994866280336317,
      0.020775391379807592,
      0.023276477399863875,
      0.024332147457139467,
      0.024713560905353923,
      0.025316460962626703,
      0.02433035777936232,
      0.025910620616867483,
      0.029066390744574584,
      0.03352748885865309,
      0.03858763766795967,
      0.04476253322561018,
      0.05179086627236127,
      0.059447072862557716,
      0.06811393508703348,
      0.0766350009511959,
      0.08798094648104227,
      0.10149758767740877,
      0.1061440511390398
    ],
    "logic": [
      0.00035212077458085327,
      0.0021810374763627325,
      0.0030547569268272474,
      0.00958612533558545,
      0.010396573150170545,
      0.010699038587264075,
      0.011777814895761044,
      0.012555165610170688,
      0.013236199871240058,
      0.01392145062392508,
      0.015261651679363891,
      0.017335182225735893,
      0.01891544165803779,
      0.019902594127959954,
      0.020868451756535178,
      0.020486269761501592,
      0.022827367089156437,
      0.02708392948456532,
      0.032600470369890194,
      0.0399491872636488,
      0.04749048146942642,
      0.05763052146837454,
      0.0672012239115817,
      0.0766221333909639,
      0.08750569604548186,
      0.100909609548895,
      0.11721189784291715,
      0.1224376076540765
    ],
    "fc": [
      0.00036227442434248795,
      0.0024660357159270304,
      0.00334017765960201,
      0.010091676837120292,
      0.010878165296650453,
      0.01105716294343062,
      0.01203577854976364,
      0.01266109545204594,
      0.013335971457079996,
      0.013845288123505781,
      0.014833837779916504,
      0.01665293114608529,
      0.018078695140279096,
      0.01868433672566925,
      0.019640635553889042,
      0.020058577258206787,
      0.022315837192783024,
      0.026561782809220336,
      0.03145961694268793,
      0.03717204234392516,
      0.04633579781752236,
      0.05712731882101083,
      0.06806558401889858,
      0.07999194198825979,
      0.08994984992234731,
      0.10366487272215029,
      0.11744151141455368,
      0.12189120394312664
    ]
  },
  "timestamp": "20260527_180821"
}