{
  "metadata": {
    "model": "Qwen3.5-0.8B",
    "device": "mps",
    "dtype": "torch.float16",
    "n_layers": 24,
    "hidden_size": 2048,
    "cit_alpha": 0.6,
    "standard_attn_layers": [
      3,
      7,
      11,
      15,
      19,
      23
    ]
  },
  "calibration": {
    "lang_categories": [
      "zh",
      "en",
      "ja",
      "fr",
      "de",
      "ru",
      "es",
      "ko"
    ],
    "disc_categories": [
      "math",
      "physics",
      "logic",
      "history",
      "geography",
      "literature"
    ],
    "scen_categories": [
      "fc",
      "code",
      "math_reasoning",
      "translation",
      "chat"
    ]
  },
  "cit_matrices": {
    "lang": {
      "zh": [
        0.019194504246115685,
        0.023510484024882317,
        0.027797434478998184,
        0.02918972633779049,
        0.0266615878790617,
        0.025143494829535484,
        0.030309848487377167,
        0.029396573081612587,
        0.027504703029990196,
        0.026338612660765648,
        0.026541830971837044,
        0.026054346933960915,
        0.025955762714147568,
        0.026818839833140373,
        0.03783136606216431,
        0.04074295610189438,
        0.04535409063100815,
        0.04996884986758232,
        0.055995259433984756,
        0.06379741430282593,
        0.06981776654720306,
        0.07438474893569946,
        0.08318545669317245,
        0.10850434750318527
      ],
      "en": [
        0.01718238927423954,
        0.02176022157073021,
        0.025949981063604355,
        0.027598224580287933,
        0.0256042443215847,
        0.024397695437073708,
        0.03137733414769173,
        0.029494838789105415,
        0.02787269838154316,
        0.02706480398774147,
        0.027643384411931038,
        0.026333114132285118,
        0.026623107492923737,
        0.028288288041949272,
        0.042596831917762756,
        0.03915781527757645,
        0.04452872276306152,
        0.048832785338163376,
        0.05614052340388298,
        0.06176615133881569,
        0.06850729882717133,
        0.07520964741706848,
        0.08603154867887497,
        0.11003834754228592
      ],
      "ja": [
        0.019723786041140556,
        0.0230209119617939,
        0.025600628927350044,
        0.026641113683581352,
        0.025158392265439034,
        0.024332882836461067,
        0.03127109631896019,
        0.027692658826708794,
        0.02646544761955738,
        0.025977758690714836,
        0.026743074879050255,
        0.02536722645163536,
        0.02637331560254097,
        0.028440775349736214,
        0.04231228679418564,
        0.041378673166036606,
        0.04626048356294632,
        0.050477709621191025,
        0.05705844238400459,
        0.061681054532527924,
        0.07204169034957886,
        0.07854380458593369,
        0.08841614425182343,
        0.09902063012123108
      ],
      "fr": [
        0.01757945865392685,
        0.02111705392599106,
        0.02303415536880493,
        0.02350257895886898,
        0.022717652842402458,
        0.02259105071425438,
        0.029293671250343323,
        0.02436617948114872,
        0.023625563830137253,
        0.02361832931637764,
        0.024897903203964233,
        0.023348849266767502,
        0.02423143945634365,
        0.026167530566453934,
        0.04067510738968849,
        0.03818287327885628,
        0.045618876814842224,
        0.05079776048660278,
        0.060190655291080475,
        0.0653550773859024,
        0.07610983401536942,
        0.08511388301849365,
        0.09935107082128525,
        0.10851337015628815
      ],
      "de": [
        0.019657861441373825,
        0.022599399089813232,
        0.02496066503226757,
        0.02562798000872135,
        0.024547778069972992,
        0.023695221170783043,
        0.030069299042224884,
        0.025947127491235733,
        0.024924956262111664,
        0.02477765455842018,
        0.025817682966589928,
        0.024284422397613525,
        0.024949505925178528,
        0.026752814650535583,
        0.04043833166360855,
        0.0381462499499321,
        0.044725652784109116,
        0.04955530911684036,
        0.05765458196401596,
        0.06261368095874786,
        0.07460301369428635,
        0.08387399464845657,
        0.09629852324724197,
        0.10347829014062881
      ],
      "ru": [
        0.017678987234830856,
        0.02081417664885521,
        0.023595890030264854,
        0.02460765466094017,
        0.023677855730056763,
        0.023219358175992966,
        0.03048357181251049,
        0.02546701394021511,
        0.024744689464569092,
        0.024737006053328514,
        0.026016440242528915,
        0.023849470540881157,
        0.024767743423581123,
        0.026770781725645065,
        0.042390376329422,
        0.03859049826860428,
        0.04545256868004799,
        0.05107106268405914,
        0.05993873253464699,
        0.06449167430400848,
        0.07623966783285141,
        0.08451436460018158,
        0.09631743282079697,
        0.10056300461292267
      ],
      "es": [
        0.018224647268652916,
        0.021331608295440674,
        0.023941243067383766,
        0.024363702163100243,
        0.023644449189305305,
        0.023473326116800308,
        0.03073270432651043,
        0.025302207097411156,
        0.0244599599391222,
        0.024598997086286545,
        0.026061568409204483,
        0.023366374894976616,
        0.024132417514920235,
        0.026230018585920334,
        0.04203353822231293,
        0.03891454637050629,
        0.045574989169836044,
        0.051203347742557526,
        0.059676628559827805,
        0.06416861712932587,
        0.07414191216230392,
        0.08330904692411423,
        0.09711657464504242,
        0.1039976105093956
      ],
      "ko": [
        0.0197141095995903,
        0.021439973264932632,
        0.023372795432806015,
        0.02444619871675968,
        0.023211436346173286,
        0.0230290275067091,
        0.029978075996041298,
        0.024567218497395515,
        0.023760413751006126,
        0.023721827194094658,
        0.02495308220386505,
        0.023583266884088516,
        0.024977637454867363,
        0.02757870778441429,
        0.04241339862346649,
        0.04060685634613037,
        0.04831886291503906,
        0.05297904089093208,
        0.06044900417327881,
        0.06474962830543518,
        0.07792510837316513,
        0.08452513068914413,
        0.09633781015872955,
        0.09336139261722565
      ]
    },
    "disc": {
      "math": [
        0.015690913423895836,
        0.0207967571914196,
        0.024755284190177917,
        0.025640694424510002,
        0.024272248148918152,
        0.023739369586110115,
        0.028905028477311134,
        0.02596060372889042,
        0.024386435747146606,
        0.023861713707447052,
        0.024407733231782913,
        0.024328436702489853,
        0.024854063987731934,
        0.02678167074918747,
        0.037624116986989975,
        0.03896990418434143,
        0.045064475387334824,
        0.050608038902282715,
        0.056832656264305115,
        0.06371431052684784,
        0.07273925840854645,
        0.0817374736070633,
        0.09425286203622818,
        0.12007594108581543
      ],