{
  "timestamp": "20260516_212936",
  "num_layers": 24,
  "language_gradients": {
    "\u4e2d\u6587": {
      "0": 0.013583459603856072,
      "1": 0.015842603411655293,
      "2": 0.01818753749063676,
      "3": 0.020189310484889235,
      "4": 0.020360891027253733,
      "5": 0.020475278055496732,
      "6": 0.031227658710338592,
      "7": 0.023964082416908186,
      "8": 0.02350653430393619,
      "9": 0.024192856473394184,
      "10": 0.026309016495889657,
      "11": 0.02350653430393619,
      "12": 0.02447882404400168,
      "13": 0.027166919207712144,
      "14": 0.04735622969260138,
      "15": 0.04037862096977847,
      "16": 0.047699390777330375,
      "17": 0.054448225443667286,
      "18": 0.06337041364662117,
      "19": 0.06794589477634111,
      "20": 0.075952986753351,
      "21": 0.08327375656090291,
      "22": 0.09402613721574477,
      "23": 0.11255683579111053
    },
    "\u82f1\u6587": {
      "0": 0.0125662731471505,
      "1": 0.015817686478930698,
      "2": 0.0189226397507208,
      "3": 0.020680160470601987,
      "4": 0.02021148827863367,
      "5": 0.020562992422609908,
      "6": 0.029526348094003972,
      "7": 0.02366794569440001,
      "8": 0.02314068947843565,
      "9": 0.02355077764640793,
      "10": 0.025601218486269315,
      "11": 0.02343360959841585,
      "12": 0.024546706054340603,
      "13": 0.027182987134162385,
      "14": 0.04546120262092675,
      "15": 0.04054014460525942,
      "16": 0.04780456358076834,
      "17": 0.05424880622033269,
      "18": 0.06315357786773072,
      "19": 0.06725445954745349,
      "20": 0.07639356729083567,
      "21": 0.08412665845831291,
      "22": 0.09514045496956836,
      "23": 0.11646503970412678
    },
    "\u65e5\u6587": {
      "0": 0.01564394154356775,
      "1": 0.018414824178590822,
      "2": 0.01922299828047255,
      "3": 0.02008889910391726,
      "4": 0.02020435254704322,
      "5": 0.020319805990169183,
      "6": 0.028747907338364354,
      "7": 0.02285978173894033,
      "8": 0.022917508460503312,
      "9": 0.023552502397696098,
      "10": 0.025342030766148497,
      "11": 0.023090688625192254,
      "12": 0.02459158338582975,
      "13": 0.02736246602085282,
      "14": 0.04306413428598355,
      "15": 0.04248686707035375,
      "16": 0.049644980544163345,
      "17": 0.05530219925733545,
      "18": 0.06373030060553062,
      "19": 0.06742481078556138,
      "20": 0.08012468952941712,
      "21": 0.08751370988947864,
      "22": 0.09952086797457861,
      "23": 0.09882814731582285
    },
    "\u6cd5\u6587": {
      "0": 0.013896964730246559,
      "1": 0.016978718415196634,
      "2": 0.018490522109700442,
      "3": 0.0199441795082618,
      "4": 0.019537155436664618,
      "5": 0.01971159432449198,
      "6": 0.027619490572665755,
      "7": 0.02232817764190242,
      "8": 0.02232817764190242,
      "9": 0.022793348009442056,
      "10": 0.024537736887715683,
      "11": 0.022386323937844874,
      "12": 0.023607396152636413,
      "13": 0.026107686878161947,
      "14": 0.042446796037991584,
      "15": 0.03814397013824997,
      "16": 0.046051866386423744,
      "17": 0.05256425153197862,
      "18": 0.06256541443408074,
      "19": 0.06721711810947709,
      "20": 0.08070705876812646,
      "21": 0.09070822167022859,
      "22": 0.10629142898280632,
      "23": 0.11303639931213101
    },
    "\u5fb7\u6587": {
      "0": 0.013752920613804996,
      "1": 0.017331637590730597,
      "2": 0.0185738368719775,
      "3": 0.020230102580306705,
      "4": 0.020111797886854618,
      "5": 0.020111797886854618,
      "6": 0.027683298267788124,
      "7": 0.022714501142800513,
      "8": 0.02247789175589634,
      "9": 0.022951110529704683,
      "10": 0.024607376238033888,
      "11": 0.022537044102622382,
      "12": 0.02383839573059533,
      "13": 0.02626364194636309,
      "14": 0.04199816617549053,
      "15": 0.03868563475883212,
      "16": 0.04673035391357397,
      "17": 0.052172369812369924,
      "18": 0.06199165936889306,
      "19": 0.06648723772007233,
      "20": 0.081157019708131,
      "21": 0.09180444211881873,
      "22": 0.1064742241068774,
      "23": 0.10931353674972746
    },
    "\u4fc4\u6587": {
      "0": 0.013843576370864833,
      "1": 0.017517561607293928,
      "2": 0.019163506993214164,
      "3": 0.020750668615351534,
      "4": 0.020750668615351534,
      "5": 0.020691884851568667,
      "6": 0.027863504033078263,
      "7": 0.02286688411153469,
      "8": 0.022161478946140307,
      "9": 0.022690532820186095,
      "10": 0.024395261969889198,
      "11": 0.02239661400127177,
      "12": 0.02368985680449481,
      "13": 0.026158774883375164,
      "14": 0.04150133723070307,
      "15": 0.039149986679388446,
      "16": 0.04702701102629243,
      "17": 0.05290538740457898,
      "18": 0.06442700510602063,
      "19": 0.06936484126378133,
      "20": 0.08182699918574883,
      "21": 0.09076213128074438,
      "22": 0.10416482942323772,
      "23": 0.10392969436810627
    },
    "\u897f\u73ed\u7259\u6587": {
      "0": 0.013977275996134646,
      "1": 0.016854095795754875,
      "2": 0.01859762294703986,
      "3": 0.020399267670034346,
      "4": 0.01993432709635835,
      "5": 0.02016679738319635,
      "6": 0.028710080424492787,
      "7": 0.022898323253542827,
      "8": 0.02243338267986683,
      "9": 0.02301455839696183,
      "10": 0.024816203119956314,
      "11": 0.022549617823285833,
      "12": 0.023770086829185324,
      "13": 0.026443495127822302,
      "14": 0.043704413925543674,
      "15": 0.039055008188783706,
      "16": 0.04602911679392366,
      "17": 0.05265451996880661,
      "18": 0.06253450715942153,
      "19": 0.0664865020356675,
      "20": 0.0795048380985954,
      "21": 0.09019847129314333,
      "22": 0.10507656965077522,
      "23": 0.11019091596121118
    },
    "\u97e9\u6587": {
      "0": 0.015202799574166332,
      "1": 0.017899145159018474,
      "2": 0.018587573818980723,
      "3": 0.02007916924889893,
      "4": 0.02019390735889264,
      "5": 0.020423383578880055,
      "6": 0.02799609883846479,
      "7": 0.022546038613763655,
      "8": 0.022144455228785675,
      "9": 0.022546038613763655,
      "10": 0.024209741208672423,
      "11": 0.021972348063795114,
      "12": 0.023808157823694446,
      "13": 0.02638976529855288,
      "14": 0.04199414825769719,
      "15": 0.040961505267753814,
      "16": 0.05037003028723788,
      "17": 0.05599219767692958,
      "18": 0.06379438915650174,
      "19": 0.06815443733626265,
      "20": 0.08398829651539438,
      "21": 0.09156101177497912,
      "22": 0.10418220387428702,
      "23": 0.09500315507479036
    }
  },
  "capability_gradients": {
    "\u6570\u5b66\u63a8\u7406": {
      "0": 0.01112518925456981,
      "1": 0.014926295583214497,
      "2": 0.01674959048882455,
      "3": 0.017800302807311697,
      "4": 0.01786210941428153,
      "5": 0.01866559530488935,
      "6": 0.02441360975308375,
      "7": 0.021199666190652472,
      "8": 0.020581600120954148,
      "9": 0.021817732260350796,
      "10": 0.022868444578837945,
      "11": 0.022559411543988783,
      "12": 0.02441360975308375,
      "13": 0.028060199564303855,
      "14": 0.038320096321296016,
      "15": 0.04128681345584796,
      "16": 0.048579993078288176,
      "17": 0.054637040561331736,
      "18": 0.06168299375589262,
      "19": 0.07021230551772947,
      "20": 0.07985413620502331,
      "21": 0.09221545759898976,
      "22": 0.10482400542083554,
      "23": 0.12534379893481987
    },
    "\u903b\u8f91\u63a8\u7406": {
      "0": 0.01180343423687128,
      "1": 0.014858091840885707,
      "2": 0.017082357086527278,
      "3": 0.018861769283040536,
      "4": 0.018980396762808088,
      "5": 0.01969216164141339,
      "6": 0.02669118294769887,
      "7": 0.022776476115369704,
      "8": 0.022420593676067052,
      "9": 0.02360686847374256,
      "10": 0.024911770751185613,
      "11": 0.023428927254091233,
      "12": 0.024793143271418065,