Capability,Perplexity,N_Samples
zh,14.772690455118815,3
en,12.225184440612793,3
math,10.350225766499838,3
logic,12.79928731918335,2
